attr_conc.mean,attr_conc.sd,attr_ent.mean,attr_ent.sd,can_cor.mean,can_cor.sd,class_conc.mean,class_conc.sd,class_ent,cor.mean,cor.sd,cov.mean,cov.sd,eigenvalues.mean,eigenvalues.sd,eq_num_attr,g_mean.mean,g_mean.sd,gravity,h_mean.mean,h_mean.sd,iq_range.mean,iq_range.sd,joint_ent.mean,joint_ent.sd,kurtosis.mean,kurtosis.sd,leaves,leaves_branch.mean,leaves_branch.sd,leaves_corrob.mean,leaves_corrob.sd,leaves_homo.mean,leaves_homo.sd,leaves_per_class.mean,leaves_per_class.sd,lh_trace,mad.mean,mad.sd,max.mean,max.sd,mean.mean,mean.sd,median.mean,median.sd,min.mean,min.sd,mut_inf.mean,mut_inf.sd,nodes,nodes_per_attr,nodes_per_inst,nodes_per_level.mean,nodes_per_level.sd,nodes_repeated.mean,nodes_repeated.sd,nr_cor_attr,nr_disc,nr_norm,nr_outliers,ns_ratio,p_trace,range.mean,range.sd,roy_root,sd.mean,sd.sd,sd_ratio,skewness.mean,skewness.sd,sparsity.mean,sparsity.sd,t_mean.mean,t_mean.sd,tree_depth.mean,tree_depth.sd,tree_imbalance.mean,tree_imbalance.sd,tree_shape.mean,tree_shape.sd,var.mean,var.sd,var_importance.mean,var_importance.sd,w_lambda
0.10743062316399,0.12663304982868845,1.1122714794209874,0.440167083879265,0.8025569635879273,0.27922654671769637,0.36495075361396906,0.2449094136419758,1.3689790447042178,0.25519126430901384,0.22263673719075133,0.10286554621848733,0.13220389810243674,0.7433939075630253,1.3198588169089545,4.037782685515726,6.446982721848919,15.791818049069304,2.417926538547739,6.439962512413388,15.77462211806478,1.25,1.1726039399558574,2.1422082449022546,0.5422373070549082,-1.5816664391437794,0.5282291169444009,4,2.0,0.0,0.24999999999999997,0.18521758975744054,8.0,0.0,0.3333333333333333,0.14433756729740643,9663574.591108553,0.3830050000000002,0.9381668189346717,7.75,16.53405576378645,6.854027777777777,15.613797587894519,6.658333333333334,15.337549239258099,5.916666666666667,14.492814311467138,0.33904227922295055,0.16365975053038787,3,0.5,0.025,1.5,0.7071067811865476,1.5,0.7071067811865476,0.2,2,0.0,1,2.28062766086341,1.3661628239988373,1.8333333333333333,2.0412414523193148,9663574.013416046,0.7024293445436872,0.5477082327155047,,0.10603236638937741,0.6444643403807542,0.41558441558441556,0.1964831344478485,6.83287037037037,15.59584716573205,1.4285714285714286,0.7867957924694431,0.5,,0.5,0.0,0.7433939075630253,1.2572443267749727,0.16666666666666666,0.2754357117963503,6.559032983547248e-08
